{
    "version": 1.18,
    "waypoints": [
        {
            "x": 2.0,
            "y": 7.0,
            "r": 0
        },
        {
            "x": 1.6211487396566346,
            "y": 1.7429398591191554,
            "r": 180
        },
        {
            "x": 7.0,
            "y": 1.0,
            "r": 360
        }
    ]
}