{
    "version": 1.18,
    "waypoints": [
        {
            "x": 2.0,
            "y": 7.0,
            "r": 0
        },
        {
            "x": 3.0283954009770113,
            "y": 7.583132063276553,
            "r": -20
        },
        {
            "x": 3.3697907536660145,
            "y": 6.417238987646989,
            "r": -110
        }
    ],
    "commands": [
            "",
            "sg",
            "g"
    ]
}
