{
  "nodes": [
    [
      0.0,
      0.6
    ],
    [
      2.1317308,
      -0.16866004
    ],
    [
      2.1197264,
      1.2738647
    ],
    [
      0.0,
      2.12
    ],
    [
      -1.9904943,
      1.7563258
    ],
    [
      -1.559726,
      -0.21003939
    ],
    [
      -1.2310499,
      -1.2532685
    ],
    [
      1.0861365,
      -1.6116723
    ],
    [
      0.9635325,
      -0.064198315
    ],
    [
      -0.036562305,
      -1.6886517
    ],
    [
      2.0480826,
      -1.4140723
    ],
    [
      -1.0839902,
      2.0674505
    ],
    [
      1.2104102,
      2.10398
    ],
    [
      -1.8307508,
      0.7089136
    ],
    [
      2.2310586,
      2.2538855
    ],
    [
      1.036624,
      -1.0114915
    ]
  ],
  "edges": [
    [
      0,
      3
    ],
    [
      0,
      5
    ],
    [
      1,
      2
    ],
    [
      5,
      6
    ],
    [
      0,
      8
    ],
    [
      8,
      1
    ],
    [
      8,
      2
    ],
    [
      6,
      9
    ],
    [
      9,
      7
    ],
    [
      10,
      1
    ],
    [
      3,
      11
    ],
    [
      11,
      4
    ],
    [
      2,
      12
    ],
    [
      12,
      3
    ],
    [
      4,
      13
    ],
    [
      13,
      5
    ],
    [
      14,
      2
    ],
    [
      12,
      14
    ],
    [
      10,
      7
    ],
    [
      8,
      15
    ],
    [
      15,
      7
    ]
  ]
}