{
  "nodes": [
    [
      0.0,
      0.6
    ],
    [
      2.23819,
      -0.16599198
    ],
    [
      2.1197264,
      1.2738647
    ],
    [
      0.0,
      2.12
    ],
    [
      -1.9904943,
      1.7563258
    ],
    [
      -1.559726,
      -0.21003939
    ],
    [
      -1.2310499,
      -1.2532685
    ],
    [
      1.5709331,
      -1.6227397
    ],
    [
      0.9635325,
      -0.064198315
    ],
    [
      -0.036562305,
      -1.6886517
    ],
    [
      1.032737,
      -1.1782945
    ],
    [
      2.0480826,
      -1.3175937
    ],
    [
      -1.0839902,
      2.0674505
    ],
    [
      1.2104102,
      2.10398
    ],
    [
      -1.8307508,
      0.7089136
    ],
    [
      2.2310586,
      2.2538855
    ]
  ],
  "edges": [
    [
      0,
      3
    ],
    [
      0,
      5
    ],
    [
      1,
      2
    ],
    [
      5,
      6
    ],
    [
      0,
      8
    ],
    [
      8,
      1
    ],
    [
      8,
      2
    ],
    [
      6,
      9
    ],
    [
      9,
      7
    ],
    [
      8,
      10
    ],
    [
      10,
      7
    ],
    [
      7,
      11
    ],
    [
      11,
      1
    ],
    [
      3,
      12
    ],
    [
      12,
      4
    ],
    [
      2,
      13
    ],
    [
      13,
      3
    ],
    [
      4,
      14
    ],
    [
      14,
      5
    ],
    [
      15,
      2
    ],
    [
      13,
      15
    ]
  ]
}